Codon,Name,Aaa,A,First,Second,Third
AAA,Lysine,Lys,K,A,A,A
AAC,Asparagine,Asn,N,A,A,C
AAG,Lysine,Lys,K,A,A,G
AAT,Asparagine,Asn,N,A,A,T
ACA,Threonine,Thr,T,A,C,A
ACC,Threonine,Thr,T,A,C,C
ACG,Threonine,Thr,T,A,C,G
ACT,Threonine,Thr,T,A,C,T
AGA,Arginine,Arg,R,A,G,A
AGC,Serine,Ser,S,A,G,C
AGG,Arginine,Arg,R,A,G,G
AGT,Serine,Ser,S,A,G,T
ATA,Isoleucine,Ile,I,A,T,A
ATC,Isoleucine,Ile,I,A,T,C
ATG,Methionine,Met,M,A,T,G
ATT,Isoleucine,Ile,I,A,T,T
CAA,Glutamine,Gln,Q,C,A,A
CAC,Histidine,His,H,C,A,C
CAG,Glutamine,Gln,Q,C,A,G
CAT,Histidine,His,H,C,A,T
CCA,Proline,Pro,P,C,C,A
CCC,Proline,Pro,P,C,C,C
CCG,Proline,Pro,P,C,C,G
CCT,Proline,Pro,P,C,C,T
CGA,Arginine,Arg,R,C,G,A
CGC,Arginine,Arg,R,C,G,C
CGG,Arginine,Arg,R,C,G,G
CGT,Arginine,Arg,R,C,G,T
CTA,Leucine,Leu,L,C,T,A
CTC,Leucine,Leu,L,C,T,C
CTG,Leucine,Leu,L,C,T,G
CTT,Leucine,Leu,L,C,T,T
GAA,Glutamate,Glu,E,G,A,A
GAC,Aspartate,Asp,D,G,A,C
GAG,Glutamate,Glu,E,G,A,G
GAT,Aspartate,Asp,D,G,A,T
GCA,Alanine,Ala,A,G,C,A
GCC,Alanine,Ala,A,G,C,C
GCG,Alanine,Ala,A,G,C,G
GCT,Alanine,Ala,A,G,C,T
GGA,Glycine,Gly,G,G,G,A
GGC,Glycine,Gly,G,G,G,C
GGG,Glycine,Gly,G,G,G,G
GGT,Glycine,Gly,G,G,G,T
GTA,Valine,Val,V,G,T,A
GTC,Valine,Val,V,G,T,C
GTG,Valine,Val,V,G,T,G
GTT,Valine,Val,V,G,T,T
TAA,STOP,***,*,T,A,A
TAC,Tyrosine,Tyr,Y,T,A,C
TAG,STOP,***,*,T,A,G
TAT,Tyrosine,Tyr,Y,T,A,T
TCA,Serine,Ser,S,T,C,A
TCC,Serine,Ser,S,T,C,C
TCG,Serine,Ser,S,T,C,G
TCT,Serine,Ser,S,T,C,T
TGA,STOP,***,*,T,G,A
TGC,Cysteine,Cys,C,T,G,C
TGG,Tryptophan,Trp,W,T,G,G
TGT,Cysteine,Cys,C,T,G,T
TTA,Leucine,Leu,L,T,T,A
TTC,Phenylalanine,Phe,F,T,T,C
TTG,Leucine,Leu,L,T,T,G
TTT,Phenylalanine,Phe,F,T,T,T
