First,Second,Third,Codon,Name,Aaa,A
A,A,A,AAA,lysine,Lys,K
A,A,C,AAC,asparagine,Asn,N
A,A,G,AAG,lysine,Lys,K
A,A,T,AAT,asparagine,Asn,N
A,C,A,ACA,threonine,Thr,T
A,C,C,ACC,threonine,Thr,T
A,C,G,ACG,threonine,Thr,T
A,C,T,ACT,threonine,Thr,T
A,G,A,AGA,arginine,Arg,R
A,G,C,AGC,serine,Ser,S
A,G,G,AGG,arginine,Arg,R
A,G,T,AGT,serine,Ser,S
A,T,A,ATA,isoleucine,Ile,I
A,T,C,ATC,isoleucine,Ile,I
A,T,G,ATG,methionine,Met,M
A,T,T,ATT,isoleucine,Ile,I
C,A,A,CAA,glutamine,Gln,Q
C,A,C,CAC,histidine,His,H
C,A,G,CAG,glutamine,Gln,Q
C,A,T,CAT,histidine,His,H
C,C,A,CCA,proline,Pro,P
C,C,C,CCC,proline,Pro,P
C,C,G,CCG,proline,Pro,P
C,C,T,CCT,proline,Pro,P
C,G,A,CGA,arginine,Arg,R
C,G,C,CGC,arginine,Arg,R
C,G,G,CGG,arginine,Arg,R
C,G,T,CGT,arginine,Arg,R
C,T,A,CTA,leucine,Leu,L
C,T,C,CTC,leucine,Leu,L
C,T,G,CTG,leucine,Leu,L
C,T,T,CTT,leucine,Leu,L
G,A,A,GAA,glutamic acid,Glu,E
G,A,C,GAC,aspartic acid,Asp,D
G,A,G,GAG,glutamic acid,Glu,E
G,A,T,GAT,aspartic acid,Asp,D
G,C,A,GCA,alanine,Ala,A
G,C,C,GCC,alanine,Ala,A
G,C,G,GCG,alanine,Ala,A
G,C,T,GCT,alanine,Ala,A
G,G,A,GGA,glycine,Gly,G
G,G,C,GGC,glycine,Gly,G
G,G,G,GGG,glycine,Gly,G
G,G,T,GGT,glycine,Gly,G
G,T,A,GTA,valine,Val,V
G,T,C,GTC,valine,Val,V
G,T,G,GTG,valine,Val,V
G,T,T,GTT,valine,Val,V
T,A,A,TAA,stop,***,*
T,A,C,TAC,tyrosine,Tyr,Y
T,A,G,TAG,stop,***,*
T,A,T,TAT,tyr,Tyr,Y
T,C,A,TCA,serine,Ser,S
T,C,C,TCC,serine,Ser,S
T,C,G,TCG,serine,Ser,S
T,C,T,TCT,serine,Ser,S
T,G,A,TGA,stop,***,*
T,G,C,TGC,cysteine,Cys,C
T,G,G,TGG,tryptophan,Trp,W
T,G,T,TGT,cysteine,Cys,C
T,T,A,TTA,leucine,Leu,L
T,T,C,TTC,phenylalanine,Phe,F
T,T,G,TTG,leucine,Leu,L
T,T,T,TTT,phenylalanine,Phe,F
